event_type,cnt,avg_amount,total_amount
purchase,60062,251706.0593719823,15117969338.0
refund,19844,250129.09660350735,4963561793.0
